respondent_id,Q1,Q2,Q3,Q4,Q5,Q6,Q7,Q8,cluster
1,0.0,0.6666666666666666,0.3333333333333333,0.6666666666666666,1.0,0.3333333333333333,0.6666666666666666,1.0,3
2,0.6666666666666666,0.6666666666666666,0.6666666666666666,0.6666666666666666,1.0,1.0,1.0,1.0,2
3,1.0,0.6666666666666666,1.0,1.0,1.0,1.0,1.0,0.6666666666666666,2
4,0.3333333333333333,0.3333333333333333,0.6666666666666666,1.0,0.0,0.6666666666666666,0.6666666666666666,0.3333333333333333,1
5,0.0,0.0,0.6666666666666666,0.0,0.3333333333333333,0.3333333333333333,0.0,1.0,1
6,0.6666666666666666,0.0,0.0,0.0,0.3333333333333333,0.0,0.3333333333333333,0.3333333333333333,1
7,0.0,0.0,0.6666666666666666,0.0,0.0,0.0,1.0,0.0,1
8,1.0,1.0,0.6666666666666666,1.0,1.0,1.0,1.0,1.0,2
9,0.3333333333333333,0.6666666666666666,0.3333333333333333,0.3333333333333333,0.3333333333333333,0.6666666666666666,0.6666666666666666,0.0,3
10,1.0,0.6666666666666666,1.0,0.6666666666666666,1.0,1.0,1.0,0.6666666666666666,2
11,0.0,0.0,0.6666666666666666,0.6666666666666666,0.3333333333333333,0.3333333333333333,0.6666666666666666,0.3333333333333333,1
12,1.0,0.6666666666666666,0.6666666666666666,1.0,1.0,1.0,1.0,1.0,2
13,1.0,1.0,1.0,1.0,1.0,0.6666666666666666,0.6666666666666666,1.0,2
14,0.0,0.0,0.0,0.3333333333333333,0.0,0.0,0.0,0.3333333333333333,1
15,0.3333333333333333,0.0,0.3333333333333333,0.0,0.3333333333333333,0.3333333333333333,0.3333333333333333,0.6666666666666666,1
16,0.3333333333333333,0.0,0.0,0.0,0.3333333333333333,0.0,1.0,0.0,1
17,0.6666666666666666,0.6666666666666666,0.6666666666666666,0.6666666666666666,0.6666666666666666,0.6666666666666666,0.3333333333333333,0.6666666666666666,3
18,0.3333333333333333,0.0,0.6666666666666666,0.3333333333333333,1.0,1.0,1.0,0.6666666666666666,3
19,0.0,1.0,0.6666666666666666,1.0,1.0,1.0,0.3333333333333333,0.6666666666666666,3
20,0.3333333333333333,0.0,0.0,0.0,1.0,0.3333333333333333,0.3333333333333333,0.0,1
21,0.6666666666666666,1.0,0.3333333333333333,0.6666666666666666,1.0,0.6666666666666666,0.6666666666666666,0.6666666666666666,3
22,0.0,0.0,0.3333333333333333,0.3333333333333333,0.6666666666666666,0.6666666666666666,0.0,0.3333333333333333,1
23,0.3333333333333333,0.3333333333333333,0.3333333333333333,0.3333333333333333,0.6666666666666666,0.0,0.0,0.0,1
24,0.6666666666666666,0.0,0.6666666666666666,0.6666666666666666,0.6666666666666666,0.6666666666666666,0.0,0.3333333333333333,1
25,0.6666666666666666,0.3333333333333333,0.3333333333333333,0.6666666666666666,0.6666666666666666,0.3333333333333333,0.6666666666666666,0.3333333333333333,3
26,0.6666666666666666,1.0,1.0,1.0,1.0,1.0,1.0,1.0,2
27,0.3333333333333333,0.0,0.0,0.0,0.0,1.0,0.6666666666666666,0.3333333333333333,1
28,0.3333333333333333,0.3333333333333333,0.3333333333333333,0.3333333333333333,0.6666666666666666,0.6666666666666666,0.6666666666666666,0.6666666666666666,3
29,1.0,0.6666666666666666,0.6666666666666666,0.6666666666666666,0.6666666666666666,0.3333333333333333,0.3333333333333333,1.0,3
30,0.0,0.0,0.0,0.0,0.6666666666666666,0.3333333333333333,0.0,0.0,1
31,0.3333333333333333,0.6666666666666666,0.3333333333333333,0.3333333333333333,0.6666666666666666,0.6666666666666666,0.6666666666666666,0.3333333333333333,3
32,0.0,0.3333333333333333,0.0,0.6666666666666666,0.3333333333333333,0.0,0.0,0.3333333333333333,1
33,0.0,0.0,0.6666666666666666,0.0,0.3333333333333333,0.3333333333333333,0.0,0.3333333333333333,1
34,1.0,1.0,1.0,1.0,0.6666666666666666,0.6666666666666666,0.6666666666666666,0.3333333333333333,3
35,0.6666666666666666,1.0,0.6666666666666666,0.6666666666666666,1.0,0.3333333333333333,1.0,1.0,2
36,0.6666666666666666,1.0,1.0,1.0,1.0,1.0,0.6666666666666666,0.6666666666666666,2
37,0.6666666666666666,0.6666666666666666,1.0,0.3333333333333333,0.6666666666666666,0.6666666666666666,0.3333333333333333,1.0,3
38,0.3333333333333333,0.0,0.3333333333333333,0.3333333333333333,0.0,0.6666666666666666,0.0,0.6666666666666666,1
39,0.3333333333333333,0.6666666666666666,0.3333333333333333,0.0,1.0,0.3333333333333333,0.3333333333333333,1.0,3
40,1.0,0.6666666666666666,0.6666666666666666,0.3333333333333333,0.6666666666666666,0.3333333333333333,0.6666666666666666,1.0,3
41,0.3333333333333333,0.3333333333333333,0.0,0.0,0.0,0.0,0.0,0.6666666666666666,1
42,0.3333333333333333,0.3333333333333333,0.3333333333333333,0.6666666666666666,0.6666666666666666,0.3333333333333333,0.3333333333333333,0.6666666666666666,3
43,0.0,0.3333333333333333,0.3333333333333333,0.0,0.0,1.0,0.0,0.0,1
44,1.0,1.0,1.0,1.0,1.0,0.6666666666666666,1.0,1.0,2
45,0.0,0.6666666666666666,0.0,0.0,0.0,0.0,0.0,0.0,1
46,0.3333333333333333,0.6666666666666666,0.6666666666666666,0.6666666666666666,1.0,0.3333333333333333,0.3333333333333333,1.0,3
47,0.3333333333333333,1.0,0.0,1.0,0.3333333333333333,1.0,0.6666666666666666,1.0,3
48,0.3333333333333333,0.6666666666666666,1.0,0.6666666666666666,0.6666666666666666,0.6666666666666666,0.6666666666666666,0.6666666666666666,3
49,0.6666666666666666,1.0,0.0,0.3333333333333333,1.0,1.0,0.6666666666666666,0.6666666666666666,3
50,0.0,0.0,0.0,0.0,0.3333333333333333,0.0,1.0,1.0,1
51,1.0,1.0,1.0,1.0,1.0,0.6666666666666666,1.0,1.0,2
52,1.0,1.0,1.0,1.0,1.0,1.0,0.3333333333333333,0.3333333333333333,3
53,1.0,1.0,1.0,0.6666666666666666,1.0,1.0,1.0,1.0,2
54,1.0,1.0,1.0,0.6666666666666666,0.3333333333333333,1.0,1.0,1.0,2
55,1.0,0.6666666666666666,0.6666666666666666,1.0,1.0,0.3333333333333333,0.6666666666666666,0.3333333333333333,3
56,1.0,1.0,0.6666666666666666,1.0,1.0,1.0,0.6666666666666666,1.0,2
57,0.0,0.3333333333333333,0.0,0.6666666666666666,0.3333333333333333,0.3333333333333333,0.6666666666666666,0.0,1
58,0.0,0.0,0.3333333333333333,0.3333333333333333,0.6666666666666666,0.0,0.0,0.0,1
59,0.0,0.0,0.0,0.0,0.6666666666666666,0.0,0.0,0.6666666666666666,1
60,0.3333333333333333,0.6666666666666666,1.0,1.0,0.3333333333333333,1.0,0.6666666666666666,0.6666666666666666,3
61,0.3333333333333333,1.0,0.6666666666666666,0.3333333333333333,0.6666666666666666,0.3333333333333333,0.3333333333333333,0.3333333333333333,3
62,0.0,0.0,0.0,0.3333333333333333,0.0,0.0,0.6666666666666666,0.3333333333333333,1
63,1.0,0.6666666666666666,0.6666666666666666,0.3333333333333333,0.6666666666666666,0.6666666666666666,0.6666666666666666,0.6666666666666666,3
64,0.3333333333333333,0.6666666666666666,0.3333333333333333,0.3333333333333333,0.6666666666666666,0.6666666666666666,0.0,1.0,3
65,0.0,0.0,0.6666666666666666,0.6666666666666666,0.0,0.0,0.6666666666666666,0.3333333333333333,1
66,0.3333333333333333,0.3333333333333333,0.3333333333333333,0.6666666666666666,0.6666666666666666,0.3333333333333333,0.6666666666666666,1.0,3
67,0.0,0.0,0.3333333333333333,0.6666666666666666,0.3333333333333333,0.0,0.0,0.3333333333333333,1
68,1.0,0.6666666666666666,0.6666666666666666,1.0,0.3333333333333333,1.0,0.6666666666666666,1.0,2
69,0.0,0.6666666666666666,0.3333333333333333,0.3333333333333333,0.6666666666666666,0.0,0.0,0.3333333333333333,1
70,1.0,1.0,1.0,0.6666666666666666,0.6666666666666666,1.0,1.0,1.0,2
71,1.0,1.0,1.0,0.6666666666666666,0.6666666666666666,0.6666666666666666,0.6666666666666666,0.6666666666666666,3
72,0.0,0.0,0.0,0.6666666666666666,0.0,0.0,0.0,1.0,1
73,0.0,0.0,1.0,0.6666666666666666,0.6666666666666666,0.0,0.0,0.3333333333333333,1
74,1.0,1.0,1.0,0.6666666666666666,1.0,0.6666666666666666,1.0,1.0,2
75,1.0,0.6666666666666666,0.6666666666666666,1.0,0.6666666666666666,1.0,0.6666666666666666,1.0,2
76,1.0,0.3333333333333333,1.0,0.6666666666666666,0.3333333333333333,1.0,1.0,1.0,2
77,0.6666666666666666,1.0,1.0,1.0,1.0,1.0,1.0,1.0,2
78,0.3333333333333333,0.6666666666666666,0.0,0.3333333333333333,1.0,0.0,0.0,0.3333333333333333,1
79,0.6666666666666666,0.6666666666666666,0.3333333333333333,0.6666666666666666,0.3333333333333333,0.3333333333333333,0.3333333333333333,1.0,3
80,0.3333333333333333,0.0,0.0,0.6666666666666666,0.3333333333333333,0.3333333333333333,0.0,0.0,1
81,1.0,1.0,1.0,1.0,0.6666666666666666,1.0,1.0,1.0,2
82,1.0,0.6666666666666666,0.3333333333333333,1.0,0.6666666666666666,0.3333333333333333,0.3333333333333333,1.0,3
83,0.6666666666666666,0.6666666666666666,1.0,0.6666666666666666,0.3333333333333333,0.3333333333333333,0.3333333333333333,1.0,3
84,0.0,0.0,0.3333333333333333,0.6666666666666666,0.3333333333333333,0.6666666666666666,0.0,0.6666666666666666,1
85,0.3333333333333333,0.3333333333333333,0.6666666666666666,0.3333333333333333,0.6666666666666666,0.6666666666666666,0.6666666666666666,0.6666666666666666,3
86,0.6666666666666666,0.6666666666666666,0.3333333333333333,0.3333333333333333,0.3333333333333333,1.0,0.6666666666666666,0.6666666666666666,3
87,1.0,1.0,0.6666666666666666,1.0,1.0,1.0,0.3333333333333333,1.0,2
88,1.0,0.6666666666666666,0.6666666666666666,1.0,0.6666666666666666,0.3333333333333333,0.6666666666666666,0.6666666666666666,3
89,1.0,1.0,1.0,1.0,1.0,0.6666666666666666,1.0,1.0,2
90,0.3333333333333333,1.0,1.0,0.6666666666666666,0.6666666666666666,0.3333333333333333,0.3333333333333333,0.6666666666666666,3
91,0.3333333333333333,0.0,0.0,0.0,0.3333333333333333,0.6666666666666666,0.0,0.0,1
92,1.0,1.0,0.6666666666666666,1.0,0.6666666666666666,0.6666666666666666,1.0,1.0,2
93,1.0,1.0,1.0,1.0,0.3333333333333333,1.0,0.6666666666666666,1.0,2
94,0.3333333333333333,0.3333333333333333,0.3333333333333333,1.0,0.6666666666666666,0.6666666666666666,0.3333333333333333,1.0,3
95,0.6666666666666666,1.0,0.6666666666666666,0.6666666666666666,0.3333333333333333,1.0,1.0,0.6666666666666666,3
96,0.6666666666666666,0.6666666666666666,0.6666666666666666,0.3333333333333333,0.6666666666666666,0.6666666666666666,0.3333333333333333,0.3333333333333333,3
97,0.6666666666666666,1.0,0.3333333333333333,0.3333333333333333,0.6666666666666666,0.6666666666666666,0.0,0.3333333333333333,3
98,0.6666666666666666,0.6666666666666666,0.0,0.3333333333333333,0.6666666666666666,0.6666666666666666,0.0,0.3333333333333333,3
99,0.3333333333333333,0.0,0.3333333333333333,0.0,0.0,0.0,0.3333333333333333,0.6666666666666666,1
100,0.3333333333333333,0.0,0.3333333333333333,0.0,0.3333333333333333,0.6666666666666666,0.0,0.0,1
